group,names,scores,logfoldchanges,pvals,pvals_adj
1,Col1a1,27.349821,1.8298006,1.0852107255493763e-164,3.256717387373678e-161
1,Cmss1,25.374683,1.319911,4.800556386665742e-142,7.203234858191945e-139
1,H19,25.005857,1.703342,5.2792001371423143e-138,5.280959870521362e-135
1,Sparc,17.471853,1.2448995,2.3474632009516305e-68,1.4089474132111686e-65
1,Col1a2,17.247272,1.592699,1.173072990951483e-66,5.867320076409001e-64
1,Igf2,16.469324,1.2626802,6.0946758849250946e-61,2.6128746186657443e-58
1,Airn,16.097303,1.2675841,2.664699045433706e-58,9.99595229418319e-56
1,Lgals1,14.239777,1.7635509,5.189252114392902e-46,1.415722326844827e-43
1,Cdkn1c,11.388615,1.337254,4.7650315627803256e-30,6.217330313001634e-28
1,Ttn,10.020943,1.1527416,1.2332160754702493e-23,9.252203606215545e-22
1,Serpinh1,9.146233,1.0219316,5.895367257016424e-20,2.808253514016871e-18
1,Ahnak,8.450329,1.3245711,2.9048468231341165e-17,9.68605035136165e-16
1,Bgn,7.870284,1.3180151,3.538369532233816e-15,8.8488724718614e-14
1,Lmna,7.2105174,1.4122953,5.573959507230535e-13,1.0076778603131829e-11
1,Col8a1,6.811425,1.4048815,9.663665525231556e-12,1.4721147330568477e-10
1,Cnn2,6.484652,1.562714,8.893691642440792e-11,1.155409896924884e-09
1,Col6a2,6.444747,1.3535403,1.1579343867072961e-10,1.4787068487270619e-09
1,Eln,6.2332644,1.1969471,4.5681458005182977e-10,5.19280513157402e-09
1,Myh8,6.079909,1.2513595,1.202510411577333e-09,1.2395869182041191e-08
1,Runx2,5.977584,1.0583733,2.264712195309398e-09,2.25046400600116e-08
1,Cped1,5.8792014,1.0581466,4.12250107818568e-09,3.8302246859551783e-08
1,Col5a2,5.8618116,1.2122978,4.57844239332983e-09,4.227663268425483e-08
1,Mfap4,5.7655754,1.1934614,8.137960493079915e-09,7.099424255736287e-08
1,Postn,5.6976366,1.4558897,1.2147965702597173e-08,1.0211777331510957e-07
1,Tpm2,5.605912,1.1386006,2.0716083641797657e-08,1.657839120240927e-07
1,Col8a2,5.5259275,1.6382096,3.277497595988025e-08,2.548127016984472e-07
1,Col6a3,5.457638,1.1742901,4.825104443838376e-08,3.602024486556957e-07
1,Igf1,5.4234276,1.5022675,5.846695472371816e-08,4.2794958811189803e-07
1,Cd248,5.3702064,1.3736128,7.864660381662624e-08,5.632898760231392e-07
1,Sfrp2,4.7684793,1.7865578,1.8562168839078222e-06,1.0410826001617338e-05
1,Acta1,4.542235,1.1985149,5.566096440865057e-06,2.7655389766615954e-05
1,Myh3,4.28143,1.0438643,1.8569645960925823e-05,8.354948654983267e-05
1,S100a11,4.1134,1.2493916,3.898742016051443e-05,0.000163638
1,Fkbp10,3.8896523,1.0967102,0.000100388,0.000380865
1,Crip1,3.7717774,1.5086255,0.000162089,0.000591762
1,Tbx15,3.6550412,1.1371357,0.000257141,0.000894182
1,Tnnt3,3.582678,1.1207072,0.00034009,0.001157153
1,Alpl,3.567785,1.3317508,0.000360012,0.001215293
1,Pth1r,3.531034,1.2534014,0.000413939,0.001381627
1,Svep1,3.3897243,1.4094634,0.00069963,0.002184795
1,Cavin1,3.2218697,1.3646278,0.00127357,0.0037804
1,Myl4,3.021075,1.0569309,0.002518789,0.007031522
1,Aebp1,2.997947,1.159232,0.00271805,0.007510929
1,Matn4,2.9906318,1.6686589,0.00278401,0.007671567
1,Runx1,2.8074021,1.1405948,0.004994284,0.01276648
1,Ckm,2.7554953,1.1800704,0.005860337,0.014704740723773457
1,Tnnt1,2.5821652,1.0393502,0.009818256,0.023666335373521214
1,Copz2,2.486411,1.3435258,0.012903882197311693,0.029880054378188574
1,Emilin1,2.4342413,1.3138143,0.014923045812094606,0.03405632
1,Sfn,2.2761548,1.5520321,0.022836743306352037,0.049806008
10,Gm29260,9.740812,2.221177,2.0193419011132118e-22,2.0200150150802496e-19
10,Nfia,8.977789,1.0499394,2.7626225238161153e-19,2.0726575484930404e-16
10,Cdon,7.9736385,1.7939618,1.5406990551283863e-15,6.60519694920041e-13
10,Pantr1,7.9080305,1.8023494,2.6149276598240537e-15,9.80924738391498e-13
10,Dbi,7.5291157,2.3121405,5.1085088449067275e-14,1.5330635043565088e-11
10,Prdm16,7.4351025,1.5306298,1.0448692478038166e-13,2.850593284235685e-11
10,C130071C03Rik,7.4142222,1.3096647,1.2234045130496824e-13,3.059530786385081e-11
10,Trim2,7.2395506,1.1446754,4.501736763006928e-13,1.0392086173679839e-10
10,Slc1a3,7.0589433,1.7224128,1.6777330592752694e-12,3.5963406506322027e-10
10,Mir9-3hg,6.906212,1.2260226,4.977670992915929e-12,9.958660433160469e-10
10,Sema5a,6.7787056,1.3408812,1.2125738517089703e-11,2.2743338306116374e-09
10,Creb5,6.6311674,1.6355938,3.330425984858956e-11,5.552560211423182e-09
10,Pax6,6.614421,2.1956248,3.730092666839148e-11,5.891583206939097e-09
10,Rhbdl3,6.523693,2.303688,6.859693040184434e-11,9.802828006473089e-09
10,Hist1h2ap,6.406256,2.3388796,1.4913630688196728e-10,2.0343548043308356e-08
10,Mms22l,6.335561,2.0670073,2.3647961813587643e-10,3.085544930546805e-08
10,Gpm6b,6.268575,1.1589658,3.643671698288723e-10,4.556107819401858e-08
10,Igfbpl1,6.235824,1.323591,4.494060829586109e-10,5.394670619835164e-08
10,Etl4,6.21929,1.4693165,4.994109253969749e-10,5.764354565832006e-08
10,Plpp3,6.085954,1.5601985,1.1579971613805195e-09,1.2411248147510498e-07
10,Rgs20,6.064014,1.8796858,1.3276558868156882e-09,1.3738949366668553e-07
10,Dleu2,5.965443,1.3930453,2.439709524887415e-09,2.4405227613957103e-07
10,Ostm1,5.895702,2.1732907,3.730925503358865e-09,3.611776592122566e-07
10,Gm11266,5.8837247,1.9129082,4.011346936359052e-09,3.7618912987542237e-07
10,Tmem132b,5.857333,1.3568661,4.703587657299156e-09,4.2774141089559903e-07
10,Cdk6,5.84525,1.7641169,5.0580698579468164e-09,4.3813372201254394e-07
10,Rai14,5.8435545,1.4781283,5.109856804544831e-09,4.3813372201254394e-07
10,Mdk,5.7276015,1.3750812,1.0186061957970851e-08,8.491214426630702e-07
10,Efnb1,5.5071416,1.6821111,3.64706496600934e-08,2.880221569208955e-06
10,Masp1,5.3905525,1.711898,7.024133623277511e-08,5.141323171574588e-06
10,Mfge8,5.35229,1.8671042,8.684797004191951e-08,6.205494240376201e-06
10,Heg1,5.2989774,1.4331744,1.164532010896954e-07,7.942637647049451e-06
10,Mid1,5.287424,1.4196471,1.2405071711751418e-07,8.27280449043689e-06
10,Id4,5.1890655,1.491824,2.113521871382126e-07,1.3788432904386435e-05
10,Zhx2,5.172743,1.4691381,2.3068232883606506e-07,1.4729312102915558e-05
10,Mt3,4.9526014,1.985327,7.322788632153241e-07,4.4848344255289546e-05
10,Ntn4,4.9271636,1.8329643,8.343183612585243e-07,5.007578804273663e-05
10,Veph1,4.8832836,2.281987,1.0433352589017517e-06,6.021248292238764e-05
10,Ezr,4.871307,1.7885821,1.1086246096312147e-06,6.277325383968444e-05
10,Tbc1d4,4.848413,1.7225605,1.244530507409069e-06,6.916363060619659e-05
10,Shroom3,4.825095,1.4081033,1.3993638767503248e-06,7.499091060942367e-05
10,Prkd1,4.7360635,1.3568115,2.1790932443747275e-06,0.000114727
10,Gpc4,4.6862483,1.4747738,2.782588628253093e-06,0.000143975
10,Kif23,4.6456537,1.6219639,3.390009034651419e-06,0.000172431
10,Cdk17,4.547825,1.1629165,5.420317202334597e-06,0.000262361
10,Tnc,4.469816,1.1748261,7.82868159462118e-06,0.000361444
10,Fam210b,4.4437428,2.3012187,8.840732444232244e-06,0.000401985
10,Fgfr3,4.420425,1.9584893,9.850703093006773e-06,0.000441223
10,Hmgb1,4.366476,1.1421973,1.2626722055496886e-05,0.000549171
10,Hist1h4d,4.318568,1.5631539,1.5704459409386236e-05,0.000673273
10,Adgrv1,4.293873,1.1050001,1.755832226493625e-05,0.000742148
10,Hist1h1b,4.2313385,1.7107823,2.3230480855342797e-05,0.000968259
10,Lockd,4.2232833,1.7917682,2.407689649933776e-05,0.000989791
10,Ankrd6,4.0993805,1.2792987,4.142570881772093e-05,0.001657581
10,Pantr2,4.0918555,1.9669487,4.2793542338216045e-05,0.001689782
10,Fabp7,4.0431,1.6060772,5.274911806223697e-05,0.002055845
10,Ttyh1,4.0355744,1.3397697,5.446881451482179e-05,0.002084123
10,Acss1,4.008335,1.6620846,6.114828839554031e-05,0.002293825
10,Sema5b,3.999326,1.0078295,6.352312118550745e-05,0.002353492
10,Pclaf,3.9830036,1.5353788,6.80497381929131e-05,0.002460449
10,Plce1,3.9706028,1.1453863,7.169104284126926e-05,0.002561248
10,Mki67,3.9490867,1.1775476,7.844993381450354e-05,0.002769744
10,Eomes,3.9101884,3.1635175,9.222418992977615e-05,0.003218195
10,Rgcc,3.8659904,2.1659772,0.000110639,0.003773051
10,Lzts1,3.8550735,1.084369,0.000115695,0.003901128
10,Nusap1,3.849562,1.6578323,0.000118329,0.003913643
10,Eva1c,3.8461702,2.0564275,0.000119978,0.003913643
10,Hmgn2,3.7686915,1.2230396,0.000164106,0.005239158
10,Ddah1,3.7500372,1.057467,0.000176808,0.005527102
10,Rgs3,3.7242815,1.1133825,0.000195872,0.005998086
10,Dcun1d1,3.6853833,1.2014393,0.000228359,0.006887572
10,Top2a,3.6823096,1.1582848,0.000231131,0.006887572
10,Gjc1,3.6815677,1.1879364,0.000231804,0.006887572
10,Skida1,3.654964,1.5732143,0.000257218,0.007422223
10,Igsf8,3.6446831,1.3127037,0.000267722,0.007651737
10,Ddx50,3.6145818,1.0814779,0.000300833,0.008458973
10,Zc3h12c,3.613098,1.0415655,0.00030256,0.008458973
10,Mis18bp1,3.6115081,1.6558775,0.000304422,0.008458973
10,Kifc1,3.5871303,1.9820701,0.000334337,0.009132451
10,Nr2f1,3.5868125,1.0670696,0.000334745,0.009132451
10,Rps8,3.5770614,1.0517186,0.000347479,0.009394447
10,Gas1,3.5457942,1.6445302,0.000391432,0.010395457450166543
10,Pcgf5,3.5213106,1.7405435,0.000429419,0.011304279537549877
10,Hist2h2ac,3.4774306,1.9474978,0.000506244,0.012874903828758093
10,Naxd,3.4684215,1.3672628,0.000523526,0.013092503
10,Cmtm4,3.3955002,1.1734594,0.000685033,0.016446278355238177
10,Vit,3.353634,1.8597431,0.000797578,0.018554498862540843
10,Gpr156,3.26863,1.8066835,0.001080695,0.024384709
10,Shc3,3.2414966,1.1875962,0.001189039,0.026431894
10,Specc1,3.224538,1.0929191,0.001261761,0.027362579850618685
10,Tmem178,3.2232661,1.205257,0.001267377,0.027362579850618685
10,Mras,3.2052479,1.0683422,0.001349462,0.028319829807450698
10,Clic4,3.1797042,1.0513092,0.001474254,0.030229206
10,Tmpo,3.1785383,1.0004685,0.001480196,0.030229206
10,Siah3,3.169953,1.186867,0.001524635,0.030915066511898986
10,Sfrp1,3.161262,1.2253861,0.001570871,0.031638827
10,H2afz,3.1569164,1.1907806,0.001594471,0.031900042041964116
10,Slc25a13,3.0936403,1.4305556,0.001977171,0.038009495
10,Mamld1,3.0919445,1.0359991,0.001988501,0.038009495
10,Sstr2,3.0890827,2.0489585,0.002007755,0.038134646604481175
10,3110039M20Rik,3.0816634,1.1811903,0.002058475,0.038609267031606824
10,Cnih4,3.0797555,1.2626433,0.002071705,0.038616075
10,Gm42047,3.0670366,1.0186876,0.002161923,0.040048953
10,Nr6a1os,3.0039725,1.0789888,0.002664793,0.048174965322962865
10,Sall3,2.9926317,1.4258621,0.002765833,0.049702191
11,Lef1,9.888464,2.2794642,4.6713997599395847e-23,5.131522612091174e-20
11,Tfap2b,9.879087,3.184376,5.129812674532996e-23,5.131522612091174e-20
11,Otx2os1,8.777373,2.6835203,1.67336733329138e-18,1.2554438418018577e-15
11,Zfpm2,8.2999,1.166377,1.0419911499004944e-16,6.254030881702767e-14
11,Vstm2l,5.531843,1.4209061,3.1688287583301154e-08,1.3585221576783825e-05
11,Col25a1,4.3530207,1.0019516,1.342745246337357e-05,0.001549838
11,Pou4f1,3.5405707,2.860366,0.000399263,0.020521942
12,Dach1,6.73123,1.5875149,1.682351490869977e-11,5.048736824100801e-08
12,Unc5c,6.005358,1.5187433,1.9090968499412956e-09,2.864599823336914e-06
12,Gm5089,5.661741,3.4118016,1.4984486922544594e-08,1.4989481751518777e-05
12,Grid2,5.0578074,1.0223242,4.2410455742812254e-07,0.000318184
12,Ebf2,4.744743,1.5844132,2.0877139998190127e-06,0.001253046
12,Col4a6,4.635684,2.9667132,3.5575905090128662e-06,0.001779388
12,Luzp2,4.5088143,1.3229588,6.519099344838171e-06,0.002794831
12,Slc1a3,4.136014,1.3390404,3.533908319410969e-05,0.009968485
12,Cyp26b1,4.1319036,2.530579,3.59771279607669e-05,0.009968485
12,Reln,4.1290264,1.3388414,3.643025136337898e-05,0.009968485
12,Grm3,4.128341,1.4682245,3.6538933775585644e-05,0.009968485
12,Cadps2,3.835143,1.7045889,0.000125491,0.022152887925834072
12,2610027F03Rik,3.7721193,3.4304466,0.000161867,0.026986808993576184
12,Rorb,3.7293725,1.3070817,0.000191957,0.028803176191919088
12,Pax3,3.5830474,2.1298866,0.000339609,0.046325748727283296
12,Tmem132c,3.5696206,1.2345138,0.000357499,0.046645804
2,Snhg11,20.364788,1.6137844,3.433358961510754e-92,9.723997313508859e-89
2,Lingo2,18.59527,1.1170074,3.509415756128413e-77,1.7552927806902278e-74
2,Lrrc4c,18.341322,1.1055373,3.872707310347272e-75,1.6602849483360235e-72
2,Csmd3,18.072346,1.2635666,5.262687934472608e-73,1.974165811419037e-70
2,Sgcz,16.284353,1.0903374,1.2747112142806167e-59,3.1878402950467755e-57
2,Pcdh15,16.112694,1.1964707,2.0776913822244362e-58,4.7962706446581025e-56
2,Lrrtm4,15.8354645,1.0642604,1.7714507530256118e-56,3.797231221307044e-54
2,Grid2,15.427024,1.0662898,1.0772446234295936e-53,2.1552074099414735e-51
2,Rmst,15.00526,1.0824873,6.78238382535282e-51,1.0712596768359902e-48
2,C130073E24Rik,14.93555,1.6497931,1.9347310235017736e-50,2.903063900764411e-48
2,Cntnap5a,14.829716,1.5102366,9.413110556246635e-50,1.3451783228236263e-47
2,Nova1,14.341124,1.3569238,1.2107890505597387e-46,1.4534311762919103e-44
2,Gria4,14.17462,1.1991926,1.3155346824911254e-45,1.4621924378355064e-43
2,Cntn5,14.05245,1.043729,7.441422185857294e-45,7.975609992770621e-43
2,Lhfpl3,14.048912,1.4931973,7.822642665431998e-45,8.095086427228079e-43
2,Grik1,13.959676,1.4716856,2.7467872717396126e-44,2.659067291125993e-42
2,Lrp1b,13.284882,1.0388818,2.83306411827938e-40,2.5763713390777033e-38
2,Brinp3,13.229628,1.5977198,5.917971138097134e-40,5.223479819243971e-38
2,Pcdh17,13.13764,1.5521597,2.0037889005827857e-39,1.7181058544711255e-37
2,Cdh18,12.664641,1.3487921,9.284325719834251e-37,7.144169611595536e-35
2,Mgat4c,12.647825,1.1209847,1.15014368604909e-36,8.628953004583297e-35
2,Dpp10,12.6344595,1.0775151,1.363274427841744e-36,9.978503799885546e-35
2,Ralyl,12.62223,1.0545695,1.5924788527833558e-36,1.137864056476869e-34
2,Tenm1,12.606331,1.2785051,1.9485638821197957e-36,1.3599163279631412e-34
2,Kcnip4,12.602138,1.0519825,2.0549940450576767e-36,1.4015993475495653e-34
2,Car10,12.570339,1.1656508,3.0740265699610704e-36,2.0500341636562606e-34
2,Rims1,12.086159,1.048886,1.249951477347667e-33,7.502208767040696e-32
2,Grm5,11.998146,1.150021,3.633443415577538e-33,2.1380320961074885e-31
2,March1,11.922014,1.0915148,9.088484127125587e-33,5.14613978594413e-31
2,Lrfn5,11.857369,1.1495775,1.970705180483175e-32,1.0560868297553587e-30
2,Gap43,11.855316,1.263647,2.01960544542666e-32,1.063304551179896e-30
2,Rtn1,11.555024,1.0094016,6.962804465268055e-31,3.4254715082408904e-29
2,Gabrb1,11.331519,1.2950609,9.160191800632883e-30,4.433828321564401e-28
2,Gm20754,11.322303,1.2778087,1.0176285730598084e-29,4.84746563135315e-28
2,Cntn1,11.316319,1.3227652,1.0895126642911843e-29,5.108792977402881e-28
2,Usp29,11.274955,1.057375,1.7446754394576268e-29,8.055032298172828e-28
2,Tmeff2,10.953653,1.1760468,6.38204610245535e-28,2.736074336209786e-26
2,Epha6,10.890625,1.1585541,1.2776066812084305e-27,5.400137535642958e-26
2,Zfp804b,10.821699,1.2092509,2.7169167187770306e-27,1.1169132976780642e-25
2,Chl1,10.711673,1.0538173,8.97259112129679e-27,3.6387494533799548e-25
2,Grm8,10.692323,1.1904413,1.1056661429884307e-26,4.424138793477708e-25
2,Ntng1,10.478733,1.0309455,1.0818309610225786e-25,4.162275274395844e-24
2,Cntn4,10.389148,1.0772116,2.7782413682476355e-25,1.0421877932638942e-23
2,Galnt13,10.377529,1.2432353,3.1379096134639876e-25,1.1625761419759786e-23
2,Olfm3,10.127599,1.3679173,4.1675770371589936e-24,1.4713998457075459e-22
2,Atp1a3,9.97267,1.1913072,2.0075817436939e-23,6.925003233132636e-22
2,Vwc2l,9.952927,1.4789534,2.4487274223245334e-23,8.25688875774823e-22
2,Spock3,9.911388,1.2018162,3.7144767009738587e-23,1.2249609428156648e-21
2,5330434G04Rik,9.831937,1.2392721,8.202597257543954e-23,2.6187228053073833e-21
2,Nalcn,9.757114,1.2192152,1.7197832876138788e-22,5.376114214717969e-21
2,Ryr2,9.7466755,1.1718754,1.9060819595802577e-22,5.897063877010674e-21
2,Ly6h,9.712649,1.2203776,2.6632216493625987e-22,8.073058757310261e-21
2,Scn9a,9.697755,1.3318759,3.082047964872555e-22,9.249225942582536e-21
2,Ccdc85a,9.6458645,1.2140123,5.117803450054276e-22,1.5206463518428594e-20
2,Sntg1,9.623414,1.1292679,6.3681851071709e-22,1.873619951629399e-20
2,C1qtnf4,9.579648,1.3452786,9.73766680148839e-22,2.837159036045307e-20
2,Nell1,9.531775,1.149146,1.5461583790079848e-21,4.461558937887464e-20
2,Vstm2l,9.528193,1.271266,1.6004336010520793e-21,4.5741916540545624e-20
2,Pcdh10,9.50583,1.2292793,1.9845846256538815e-21,5.618621190176696e-20
2,Unc13c,9.501201,1.2137141,2.0748471153179678e-21,5.81926747015815e-20
2,Pou2f2,9.290581,1.0730169,1.534486055485914e-20,4.1863569568302075e-19
2,Pcsk1n,9.235895,1.1226935,2.5613581969707243e-20,6.924897251449679e-19
2,A230006K03Rik,9.22349,1.3737162,2.8758384912344546e-20,7.705706528745177e-19
2,Rgs7,9.209819,1.105681,3.266764128141441e-20,8.675716060665898e-19
2,Pclo,9.180379,1.0074556,4.295764637876231e-20,1.1308411998479446e-18
2,Gabrg3,9.128925,1.0036286,6.918258104714611e-20,1.805364571499874e-18
2,Cntnap5b,9.095991,1.1160324,9.372729786060494e-20,2.424789835169616e-18
2,Tafa1,9.042179,1.0190066,1.5357909619271383e-19,3.93923818525072e-18
2,Pcdh11x,8.92774,1.1318,4.347978871519632e-19,1.1057868299517302e-17
2,Snap91,8.846804,1.1092038,9.006166324065136e-19,2.271218919203317e-17
2,Gpr158,8.835796,1.1561958,9.938750371065799e-19,2.4855158219640384e-17
2,Tmem130,8.800722,1.1453205,1.3593818873355372e-18,3.371491771813179e-17
2,Kcnip1,8.756083,1.0235989,2.0215352225568508e-18,4.9726452482730405e-17
2,Rac3,8.73005,1.1842316,2.545599685816783e-18,6.21084931474485e-17
2,Cntnap4,8.711617,1.0830656,2.9956888633832936e-18,7.250050225010697e-17
2,Cdh10,8.649637,1.0430001,5.1663383272430475e-18,1.2304905809568558e-16
2,Eml6,8.601285,1.0290948,7.88286254312873e-18,1.8627142119629384e-16
2,Lhx1os,8.5881815,1.415416,8.835691998543398e-18,2.071555600595995e-16
2,Gm28905,8.585648,1.5164684,9.032605023015783e-18,2.1013060212457645e-16
2,Nyap2,8.5397415,1.0594686,1.3452272582360917e-17,3.1054053861280857e-16
2,Garnl3,8.516809,1.051537,1.6400846031454293e-17,3.7006721007815287e-16
2,Gm32647,8.437708,1.0620799,3.236224530800898e-17,7.141110159509922e-16
2,Kctd16,8.424779,1.062113,3.6143336366205205e-17,7.917237404013272e-16
2,Grin3a,8.3933735,1.1264993,4.723883317736201e-17,1.0198830098220389e-15
2,Gabra3,8.366293,1.1660044,5.945948938713972e-17,1.2745566260771878e-15
2,Klhl1,8.330083,1.3143346,8.078588747580134e-17,1.7194216192544666e-15
2,Grin1,8.287321,1.1842215,1.1582761414929088e-16,2.43075993050365e-15
2,Ablim3,8.220842,1.0545974,2.0207953141605178e-16,4.1823494743418714e-15
2,Trhde,8.210839,1.073887,2.1964744768873694e-16,4.514808154204792e-15
2,Scn2a,8.203458,1.0600325,2.3356985441587275e-16,4.7395465790121845e-15
2,Amph,8.20337,1.0696933,2.3373971799193714e-16,4.7395465790121845e-15
2,Il1rapl2,8.185287,1.0116206,2.7165478543979786e-16,5.471382624864653e-15
2,Chrm3,8.128461,1.0183516,4.3477458472660914e-16,8.583937689240487e-15
2,Caly,8.107714,1.4978563,5.158112149154348e-16,1.0117316705628888e-14
2,Svop,8.008169,1.0080062,1.16428342635149e-15,2.239752924667193e-14
2,Grm1,7.964447,1.1403012,1.6596431466839797e-15,3.152271571644698e-14
2,Scn3b,7.872066,1.0016938,3.4883149199861697e-15,6.461995725233639e-14
2,Brinp1,7.852629,1.0276076,4.0740514857021435e-15,7.500753686252842e-14
2,Pou6f2,7.832362,1.1373363,4.7878817015445105e-15,8.708141203839441e-14
2,Tmem132d,7.8202195,1.0001632,5.2731353637348245e-15,9.532939293113379e-14
2,Ndst4,7.787242,1.1664646,6.848778026134768e-15,1.2307295123611042e-13
2,Zmat4,7.599903,1.0397322,2.963522926650858e-14,5.05314335390865e-13
2,Cntn3,7.5928273,1.0278417,3.1299972616790515e-14,5.306848464575613e-13
2,9530059O14Rik,7.5895514,1.0103121,3.2101508725067e-14,5.412170094602589e-13
2,Lin7a,7.563213,1.0587786,3.9323294836455935e-14,6.413543902402406e-13
2,B130024G19Rik,7.4678183,1.2141927,8.153529143560232e-14,1.2946423788266803e-12
2,Lin28b,7.4506965,1.0646373,9.284892184529098e-14,1.4665242866195696e-12
2,Gm45323,7.428245,1.4328339,1.1004773524421843e-13,1.7200690284786432e-12
2,Rnf152,7.4021254,1.0409027,1.3402190286741302e-13,2.0731944871397242e-12
2,Clstn3,7.325731,1.1220638,2.375999374114233e-13,3.637945980467762e-12
2,Frmd3,7.32429,1.0317658,2.4016751470515144e-13,3.6585924448231445e-12
2,Slc6a11,7.2643185,1.1697519,3.7492354942243397e-13,5.57002758325111e-12
2,Onecut2,7.230817,1.0160551,4.800974451043021e-13,6.994040935718499e-12
2,Sptbn4,7.1068997,1.0453737,1.1867841774526425e-12,1.6879333253722182e-11
2,Phyhipl,7.0539174,1.2054876,1.7394957186423562e-12,2.4190497729885505e-11
2,Gm16083,7.0512967,1.153935,1.772580179871073e-12,2.451388534466862e-11
2,Slc9a7,6.992374,1.22122,2.7027329554122983e-12,3.604845155196581e-11
2,Pcdh19,6.9873943,1.0191672,2.8003786525293053e-12,3.7185559009913474e-11
2,Cabp1,6.8119364,1.0755935,9.629355353490975e-12,1.2040706423261005e-10
2,Slc32a1,6.678192,1.3083405,2.419081174316009e-11,2.927283308113848e-10
2,2700069I18Rik,6.6562653,1.0732446,2.8087339077691044e-11,3.3581714968984393e-10
2,Pacsin1,6.6108828,1.0235928,3.8203487060806407e-11,4.4784634636515636e-10
2,Ptprr,6.5584683,1.0635642,5.436330922112411e-11,6.299007373459206e-10
2,Epha10,6.4633794,1.2547435,1.0239021997338701e-10,1.1595209439250355e-09
2,Atp1b1,6.4262958,1.0500295,1.3075074261580985e-10,1.4641155917539005e-09
2,Grin2d,6.3791666,1.0404631,1.7805443784381774e-10,1.957294388165923e-09
2,Gm45341,6.2832475,1.2940707,3.315721906597312e-10,3.5537433720351903e-09
2,Bc1,6.078962,1.631525,1.2096328884733713e-09,1.2347307137104038e-08
2,C78859,5.993395,1.5425704,2.0550518154530276e-09,2.042122681514747e-08
2,Map7d2,5.941548,1.3100653,2.8234312485827787e-09,2.7689925415022614e-08
2,Slc7a14,5.8232656,1.025759,5.7708734133668774e-09,5.4289627315090905e-08
2,Slc6a7,5.7849593,1.277896,7.25299161631602e-09,6.683699943309762e-08
2,Rasgrf2,5.5471277,1.1227291,2.9040040914078388e-08,2.548221134010212e-07
2,Frrs1l,5.368438,1.0720311,7.942164769130258e-08,6.695066424764018e-07
2,Minar2,5.3031816,1.0351036,1.1380172760531201e-07,9.408236488802792e-07
2,Gata3,4.996818,1.1517051,5.82840613745702e-07,4.473413508569953e-06
2,Coro2a,4.9036946,1.0691448,9.405069697832376e-07,7.073838136139088e-06
2,AW551984,4.7044754,1.0565922,2.5451970206660068e-06,1.7640037549696734e-05
2,Lhx1,4.6286926,1.110794,3.679817788743825e-06,2.4816029627011728e-05
2,Gabra5,4.4510508,1.1062974,8.545122821502662e-06,5.3873768040608174e-05
2,Faah,4.366663,1.0889018,1.2615916096101556e-05,7.710868473401379e-05
2,Ptchd1,4.288958,1.058442,1.795130805482516e-05,0.000106677
2,Gm29514,4.1384845,1.2610525,3.49607313335699e-05,0.000195013
2,Gm49678,3.946123,1.211521,7.942685110120649e-05,0.000410965
2,Lnx1,3.8313348,1.043234,0.00012745,0.000627012
2,Cbln2,3.590446,1.123923,0.000330113,0.001480819
2,Zfp560,3.5404336,1.1456236,0.00039947,0.001776014
2,Glra3,3.3837576,1.1664691,0.000715011,0.002959652
2,B230209E15Rik,3.1536574,1.2409571,0.001612383,0.006094157
2,Nat14,3.065164,1.1530663,0.002175507,0.007956773
2,Gab3,3.0441544,1.0797831,0.002333353,0.008456996
2,9030622O22Rik,2.9785051,1.2537299,0.002896582,0.010238683078267754
2,Crhr1,2.9735694,1.1683364,0.002943578,0.010368167
2,Iscu,2.8295166,1.0836152,0.004661839,0.015596631949315178
2,Gm28526,2.799247,1.248376,0.005122192,0.016873435289985805
2,Calb1,2.497164,1.3241367,0.012519100899282477,0.036159597
2,Abca8b,2.4500346,1.0346707,0.014284248504096363,0.040288562
2,Gm41361,2.4244387,1.2586353,0.015332067507047199,0.043001434
3,Gpc3,5.718497,1.4501585,1.0747064422899588e-08,1.1107616543972408e-05
3,Igf2,5.7129426,1.1427481,1.1103915238892778e-08,1.1107616543972408e-05
3,Ptgds,5.5851994,2.8204844,2.3343227627872296e-08,1.751325652781119e-05
3,Gja1,5.4614854,2.6631262,4.721666830577466e-08,2.4306833163732197e-05
3,Cped1,5.456367,1.7736021,4.859746717174048e-08,2.4306833163732197e-05
3,Col4a1,5.3998466,1.325006,6.6697959421604e-08,2.859436803203337e-05
3,Hbb-bs,5.289528,1.2664566,1.2263260252403014e-07,4.0891160019401604e-05
3,Hba-a1,5.132925,1.0921335,2.852733116282756e-07,8.56105208196455e-05
3,Col1a2,5.019884,1.1438934,5.170272474669901e-07,0.000135629
3,Nr3c2,5.009429,1.8954359,5.45917076690665e-07,0.000135629
3,Col3a1,4.9952717,1.5855997,5.875296079837497e-07,0.000135629
3,Ccnd2,4.8338776,1.0517794,1.3389896618140303e-06,0.000287022
3,Hba-a2,4.6094284,1.0929192,4.037774345264173e-06,0.000757335
3,Apod,4.4809227,2.07325,7.432095083364036e-06,0.001311983
3,Col8a1,4.2759676,1.5131338,1.9030901177990303e-05,0.003010293
3,Tgfbr3,3.9548125,1.4443978,7.659469130689342e-05,0.011493033430599358
3,Serpinh1,3.8738976,1.0677813,0.000107108,0.014610564615866973
3,Igfbp2,3.7840526,1.1962974,0.000154295,0.019298774262205453
3,Col18a1,3.7829635,1.4289569,0.000154972,0.019298774262205453
3,Hbb-bt,3.7738156,1.0694075,0.00016077,0.019298774262205453
3,Lhfpl2,3.7427783,1.2888058,0.000181997,0.021006623450647303
3,Sned1,3.7107608,1.3589087,0.000206637,0.022967344
3,Sidt1,3.5262792,2.173537,0.000421442,0.043612023247035066
3,Maf,3.5083103,1.4884344,0.000450963,0.044454099
3,Col13a1,3.5030828,2.3311725,0.000459906,0.044454099
3,Hlf,3.4526608,1.7534856,0.000555087,0.048994553
5,Nrxn3,15.4984455,1.3362702,3.553858371530773e-54,1.066512897296385e-50
5,Sox2ot,14.525772,1.610733,8.320007115976608e-48,1.2484170677522898e-44
5,Meis2,12.704736,1.3095472,5.565688077037951e-37,5.567543306396964e-34
5,Sox11,12.466929,1.4932439,1.1310119109229544e-35,8.485416861699465e-33
5,Dlx6os1,12.211282,2.426176,2.7059173360584784e-34,1.6240915851022987e-31
5,Mpped2,10.735475,1.3978591,6.936174534793987e-27,3.469243296486126e-24
5,Gad2,10.414729,1.8751115,2.1240103587081402e-25,9.105935837833042e-23
5,Bcl11b,10.295067,1.7706561,7.416820164563524e-25,2.670731500378725e-22
5,Zbtb20,10.287664,1.0765812,8.00952465958298e-25,2.670731500378725e-22
5,Igfbpl1,9.53733,1.8033364,1.4655709834986787e-21,4.398178521479535e-19
5,Islr2,8.52907,2.0698059,1.4752867287915748e-17,3.689446227586263e-15
5,Gm44593,8.319352,2.1113617,8.844539321066015e-17,2.0417278848091625e-14
5,B020031H02Rik,8.231669,1.848564,1.8462256645302345e-16,3.95751658518231e-14
5,Erbb4,8.15338,1.0069915,3.5388915875549646e-16,7.080142436168299e-14
5,Gm14204,7.8723016,2.2037342,3.481752952997327e-15,6.530462882465612e-13
5,Ccnd2,7.8364315,1.4517791,4.635315000285754e-15,8.182694303445615e-13
5,Sox1ot,7.7832904,1.8578302,7.066231387878204e-15,1.1780977997234718e-12
5,Gm26871,7.7154403,1.3429722,1.2056536739535768e-14,1.9042982502814127e-12
5,Hist1h2ap,7.4637785,2.3800697,8.40758294294613e-14,1.2615578205890667e-11
5,Epha4,7.399155,1.2097492,1.3705371363677174e-13,1.9585628315426285e-11
5,Arx,7.113616,2.505385,1.1304143217754586e-12,1.4749449476731093e-10
5,Dleu2,6.8871965,1.4873114,5.690263413129229e-12,6.567877116461853e-10
5,Dchs1,6.7229333,1.5374503,1.7810234582528812e-11,1.979574591932184e-09
5,C130071C03Rik,6.5028715,1.0966743,7.880107941834972e-11,7.88273464448225e-09
5,Id4,6.07034,1.5777239,1.276397152000919e-09,1.1607478342893208e-07
5,Mir9-3hg,6.037981,1.164321,1.5605461655052458e-09,1.377411483141542e-07
5,Dlx1as,5.9331217,2.0738468,2.9722816998469796e-09,2.5485192517830814e-07
5,Nlk,5.8069115,1.1099504,6.363578094291596e-09,5.304749405824745e-07
5,Dlx1,5.7768297,2.1022377,7.612126367692135e-09,6.17405168363354e-07
5,Pik3r3,5.7671504,1.1235558,8.062309700928645e-09,6.367103003286017e-07
5,Hist3h2ba,5.687818,1.7757477,1.2867272611498722e-08,9.481204750080066e-07
5,Phc2,5.6866794,1.1896772,1.2953328715537578e-08,9.481204750080066e-07
5,H2afv,5.5792584,1.6420102,2.4154639748423222e-08,1.7259065210718592e-06
5,Shtn1,5.55506,1.2141914,2.775163924299271e-08,1.9368062643772355e-06
5,Gm2164,5.5427237,1.4839771,2.9780264299975998e-08,2.03114939009609e-06
5,Isl1,5.4505806,2.030909,5.020564482672671e-08,3.2753726114131923e-06
5,Lmo3,5.3935485,1.3465892,6.907959945140492e-08,4.4108059139077906e-06
5,Gpc1,5.33329,1.2679243,9.64489119863218e-08,5.788863697419034e-06
5,Skida1,5.0471816,1.9710817,4.4837458966226563e-07,2.4918002658823317e-05
5,Khdrbs1,5.020801,1.1043162,5.145644477163122e-07,2.6624274268907808e-05
5,Brip1os,5.015961,1.2364815,5.276893267464477e-07,2.684060456891677e-05
5,Sp9,4.985405,2.6235714,6.183210179836118e-07,3.0926356249480316e-05
5,Efnb1,4.9064527,1.3595725,9.273843318232571e-07,4.5624268521337614e-05
5,Pantr1,4.8618517,1.1308032,1.1629265366520333e-06,5.6289395749883096e-05
5,Svop,4.7530074,1.1050454,2.004131645124036e-06,9.335822973671455e-05
5,Cdk19,4.683734,1.2293012,2.8169570173936494e-06,0.000128086
5,Slc32a1,4.517478,1.5972143,6.258059096155263e-06,0.000264513
5,Kif23,4.4781914,1.5269792,7.527814861527893e-06,0.000309465
5,Lrig2,4.422298,1.1457368,9.765660348823412e-06,0.000396037
5,Rffl,4.3883257,1.5565307,1.1422665059680697e-05,0.000451045
5,Lmo4,4.3289213,1.2962419,1.4984141884887276e-05,0.000583992
5,Pclaf,4.2620206,1.431059,2.0258697012379622e-05,0.00077944
5,Mark1,4.257655,1.1222324,2.065822397832457e-05,0.000784751
5,4632427E13Rik,4.2276683,1.0770475,2.3612546885163955e-05,0.000885766
5,Tmpo,4.2123904,1.1169012,2.526824716975721e-05,0.000936173
5,Gpc2,4.1316347,1.0134759,3.601926701505141e-05,0.001264183
5,Six3,4.127649,1.8841152,3.664909374254681e-05,0.001264183
5,Ezr,4.120627,1.4268962,3.7784307816713134e-05,0.001288531
5,Klhl24,4.1170206,1.123081,3.83801497375534e-05,0.001294144
5,H1fx,4.0340824,1.3111084,5.481605432433809e-05,0.00173161
5,Dpyd,3.9905257,1.1137357,6.592700514045902e-05,0.002039659
5,Hist1h2ae,3.9602542,2.063433,7.487002755283881e-05,0.00224685
5,Zc3h12c,3.956743,1.0285578,7.59785740737869e-05,0.002257542
5,Cox5a,3.952188,1.1730115,7.743982750087299e-05,0.002278401
5,Opa3,3.901799,1.5616891,9.548048795365487e-05,0.002781912
5,3110039M20Rik,3.8778853,1.3774197,0.000105368,0.003011528
5,Hmgn2,3.873615,1.2068249,0.000107233,0.003035901
5,Angpt1,3.859191,1.210753,0.000113763,0.00319068
5,Kif15,3.8498912,1.2066151,0.00011817,0.003283602
5,Tmem151b,3.801305,1.2921247,0.000143936,0.003926835
5,Gucy1a1,3.7781506,1.6106405,0.000157997,0.004196017
5,Arhgap42,3.768661,1.0634514,0.000164126,0.004320533
5,Dlx2,3.7545218,2.7803278,0.000173673,0.004454632
5,Lhx6,3.702614,1.632709,0.000213389,0.005164364
5,Sox2,3.6951175,1.6535827,0.000219785,0.005224628
5,Rnd3,3.6408374,1.1482848,0.000271753,0.006289511
5,Hist1h4d,3.625844,1.2959319,0.000288019,0.00654807
5,Gopc,3.579725,1.1037852,0.000343956,0.007479793
5,Zfp503,3.542811,2.2228477,0.000395886,0.008366585
5,Hist1h4h,3.528197,1.8750446,0.0004184,0.008780558
5,Six3os1,3.5225983,1.4157995,0.000427339,0.008905853
5,Gm28175,3.5146272,1.1720997,0.000440372,0.009114178
5,Pou3f2,3.5041888,1.2298932,0.000458001,0.009224565
5,Gm14964,3.4799905,2.7404819,0.000501432,0.009835271
5,Fzd2,3.4744866,1.2408566,0.000511832,0.009965959
5,Clic4,3.416221,1.0285127,0.000634967,0.012137170757196718
5,Siah3,3.3995194,1.2713504,0.000675044,0.012740919990659157
5,Gucy1b1,3.3706713,1.4692729,0.000749852,0.013977064088749824
5,Mms22l,3.3020623,1.0423497,0.000959768,0.016843641
5,Pou3f1,3.2938063,1.840019,0.000988405,0.017245377
5,Rftn1,3.247972,1.0778782,0.001162307,0.019486492896955827
5,2610020C07Rik,3.239147,1.204698,0.001198878,0.019877533267885678
5,Mmgt1,3.170348,1.3880303,0.001522565,0.024968399028014426
5,Irgq,3.1679757,1.1963239,0.001535044,0.025036235
5,H2afz,3.142449,1.0587106,0.00167541,0.027031748
5,Nusap1,3.1375144,1.2787687,0.00170387,0.027251345515828022
5,Ftl1-ps1,3.0398674,1.4835508,0.002366824,0.035337506217800546
5,Lockd,3.0101652,1.1666173,0.002611057,0.038216425
5,Fgd3,2.9827404,1.1702273,0.002856801,0.040716589487857884
5,Cdca7,2.9806528,1.6605378,0.002876347,0.040716589487857884
5,Lrrc20,2.9731562,1.0404521,0.002947545,0.041528556194075354
5,Elovl2,2.9570239,1.0722126,0.00310624,0.043357329479638045
5,Gm11944,2.9292197,1.0190539,0.003398141,0.046565397838292895
6,Rnf220,12.024224,2.4843383,2.6506617791824607e-33,7.954635999326564e-30
6,Ntng1,11.769139,2.617501,5.629583645092119e-32,8.447190259460724e-29
6,Kitl,10.817099,3.6501477,2.8567809147548167e-27,2.857733175059735e-24
6,Zfp804b,10.368178,2.4126084,3.460572738116353e-25,2.5962946967717934e-22
6,Cntn4,10.258683,2.290903,1.0817181540665518e-24,6.492472360707443e-22
6,Galntl6,9.767593,1.7367234,1.5509229332017927e-22,7.7571995375643e-20
6,Ntm,9.5264845,1.0191109,1.6270004985249191e-21,6.975183565818976e-19
6,Prox1,9.134317,3.1209838,6.582072677884387e-20,2.2852870497456083e-17
6,Chst1,8.944006,3.0664268,3.7531080292604794e-19,1.1263077195810697e-16
6,Tcf7l2,8.485607,1.7984272,2.1459484320442742e-17,5.3666593704707224e-15
6,Cntn5,8.225783,1.3896561,1.939196064512282e-16,4.476559530462584e-14
6,Pou2f2,8.116287,1.7873068,4.806612070439787e-16,1.0303316302421288e-13
6,Cntn6,8.08068,2.5268142,6.440653015900904e-16,1.2885599800479077e-13
6,Mast4,7.9984064,1.6067152,1.260396472284438e-15,2.2249704784268227e-13
6,Id4,7.9676604,2.4681814,1.6170669485493824e-15,2.6960099514426094e-13
6,Syt13,7.9312024,2.8077717,2.170344758542055e-15,3.428002431781425e-13
6,Arhgap26,7.8874526,2.3133085,3.0841728701649714e-15,4.627801391682539e-13
6,Shisa9,7.7926617,2.051786,6.56121268579998e-15,9.376285366707495e-13
6,Pde7b,7.183205,2.3005004,6.809593027241521e-13,8.514828614479918e-11
6,Samd5,7.047581,1.8206058,1.820548480192145e-12,2.1013330727140877e-10
6,Nr2f1,6.8470616,2.1511128,7.538214960622595e-12,8.079351106010146e-10
6,Cdh8,6.557099,1.2599621,5.486462118418188e-11,5.285424759242066e-09
6,Myo16,6.5530887,1.4879218,5.635907773933559e-11,5.285424759242066e-09
6,Tmem132b,6.524165,1.7748582,6.838132515070901e-11,6.218556265978114e-09
6,Glra2,6.4942694,2.155286,8.343722671626628e-11,7.364562275750444e-09
6,Grm5,6.4573255,1.3544831,1.0656956692128415e-10,9.13757915230782e-09
6,Brinp1,6.4082284,1.8691686,1.4722004268996559e-10,1.2272426336460743e-08
6,Atp2c1,6.2033343,1.9171216,5.527918123234815e-10,4.4438482794730104e-08
6,Rac3,6.173439,1.969523,6.682038915075922e-10,4.811329916203438e-08
6,Mir124-2hg,6.1722236,1.8527243,6.73361734357029e-10,4.811329916203438e-08
6,Cd47,6.079377,1.9502239,1.2065027563462245e-09,8.420266911151209e-08
6,Prkch,6.0356274,2.2824364,1.5834613437488493e-09,1.0799926119523402e-07
6,Nefl,5.912156,2.4671452,3.3765788955089445e-09,2.2028507098744222e-07
6,Shisal1,5.830855,1.9760368,5.514412514548264e-09,3.521011054501987e-07
6,Kcnma1,5.8258724,1.0569407,5.681505251052738e-09,3.552124428835264e-07
6,Tmem163,5.812626,1.711948,6.150040842268051e-09,3.766586238295188e-07
6,Syt7,5.7704563,1.4977514,7.905727010873844e-09,4.745017351926481e-07
6,Cobl,5.7230606,1.867338,1.0462190474535588e-08,6.156281100800254e-07
6,Nefm,5.6483216,2.8253174,1.6202180799758023e-08,9.132366260635056e-07
6,Unc5c,5.645891,1.2758223,1.6432781675251352e-08,9.132366260635056e-07
6,Lef1,5.607367,1.7449802,2.054275957637507e-08,1.120887663430938e-06
6,Slc18a2,5.5867076,2.1745665,2.3141489027728754e-08,1.2401358673609641e-06
6,Egfem1,5.537732,1.4008338,3.064131416818197e-08,1.613238312609019e-06
6,Pcsk2,5.4598336,1.5977544,4.7658096754361216e-08,2.4658956613765174e-06
6,Gap43,5.207058,1.3530992,1.918582140380891e-07,9.286556456908152e-06
6,Gabrb1,5.1816587,1.3280417,2.1992120314530135e-07,1.0475929057762687e-05
6,Mgat4c,5.1511555,1.1780807,2.588862699922203e-07,1.2139339003853955e-05
6,Shroom3,5.1021805,1.6480911,3.3576260781614766e-07,1.526702403115544e-05
6,Hs3st4,5.0657225,1.1393197,4.068547094455289e-07,1.8223447508149733e-05
6,Slc6a7,5.052719,2.189697,4.3556467076069267e-07,1.8852385782909082e-05
6,Epha3,5.0129795,1.0636737,5.359356402800038e-07,2.2652716288454808e-05
6,Trhde,4.9860005,1.596413,6.164191619559465e-07,2.569269312541383e-05
6,Zic1,4.891331,2.1389463,1.0015618906115168e-06,4.061739505034002e-05
6,Stmn3,4.78378,1.5838131,1.7202883714580955e-06,6.534918231323728e-05
6,Rgs7,4.746228,1.2156199,2.0724470664446174e-06,7.77426705800037e-05
6,Gabra2,4.725569,1.4954243,2.2947209377993143e-06,8.296936788356317e-05
6,Tll1,4.7061243,2.2279205,2.5247031518318963e-06,9.019802569818477e-05
6,Kcnc2,4.6601872,1.4284899,3.159215903996418e-06,0.000110242
6,Grm8,4.6468196,1.1494856,3.3709191622185053e-06,0.000116277
6,Scn2a,4.6363683,1.444615,3.545841618381787e-06,0.000119563
6,Cd200,4.624094,1.8200761,3.7623929288381636e-06,0.000125455
6,C1qtnf4,4.473887,1.52335,7.681039320002955e-06,0.000253305
6,Frmd3,4.4416823,1.5061113,8.925829328513371e-06,0.000291157
6,Tmod2,4.381405,1.4517771,1.1791646293301021e-05,0.000380502
6,Tcerg1l,4.3093395,1.5093888,1.6374276265654517e-05,0.000522757
6,Coro2a,4.255625,1.978953,2.08466071850182e-05,0.000644955
6,Igsf21,4.234722,1.292869,2.2883445461746745e-05,0.000700747
6,Slc7a8,4.2322917,2.128012,2.3132219422361192e-05,0.00070121
6,Vwc2l,4.197535,1.4457623,2.6983600231749194e-05,0.00079595
6,Prkag2,4.194983,1.4118891,2.7289216711910118e-05,0.00079595
6,Sox2,4.19474,2.1330445,2.731849408002046e-05,0.00079595
6,Banf2,4.1896358,2.957028,2.7940262027505203e-05,0.000806238
6,Sez6l,4.186962,1.2083873,2.827129632097852e-05,0.000808021
6,Scn9a,4.143577,1.4025782,3.419300726080434e-05,0.000959002
6,Chrm3,4.113317,1.3119881,3.90014387033616e-05,0.001073792
6,Kcnj6,4.0916853,1.3715197,4.282498419377184e-05,0.001168343
6,Galnt9,4.078317,1.6397692,4.5362849202420125e-05,0.001226432
6,Zdhhc2,4.04672,1.3669411,5.1940256212702314e-05,0.001391721
6,Trpc7,4.0351753,1.5467179,5.456157123182245e-05,0.00144902
6,Kcnk10,3.9916687,1.1630079,6.561001645111143e-05,0.001712136
6,Rnf152,3.9632313,1.3581454,7.394206680254888e-05,0.001912932
6,Pdzrn4,3.9415996,1.2595826,8.094002164374223e-05,0.002058483
6,Lin28b,3.9373462,1.3517538,8.23877260367922e-05,0.002077694
6,Pcsk1n,3.9198463,1.1676339,8.860546724594638e-05,0.002215875
6,Gpr162,3.9065998,1.4304806,9.360397006530283e-05,0.002321533
6,March4,3.8691697,1.3589526,0.000109207,0.002686305
6,Hlf,3.8564093,1.8590595,0.000115065,0.0027721
6,Ddah1,3.8555586,1.241179,0.000115466,0.0027721
6,Zic4,3.8525205,1.8845028,0.000116908,0.002784457
6,Slc1a2,3.820802,1.2491213,0.000133018,0.003118659
6,Trim3,3.8183715,1.36311,0.000134336,0.003125124
6,Neto2,3.8135104,1.107691,0.000137007,0.003162749
6,Cpne8,3.784587,1.5475856,0.000153964,0.00350035
6,Lgi1,3.7330596,1.5905771,0.000189168,0.004236512
6,Cpne4,3.730629,1.2588241,0.000191002,0.004245909
6,Ablim3,3.684449,1.2344934,0.000229198,0.005020607
6,Ppp2r2c,3.676428,1.3393071,0.000236522,0.005143506
6,Sgsm2,3.6742406,1.2350368,0.000238558,0.005150446
6,Stmn4,3.6704733,1.2520071,0.000242102,0.005189624
6,Ccdc85a,3.662574,1.2247435,0.000249694,0.005314399
6,Crtac1,3.653095,1.3579464,0.000259098,0.005475733
6,5330434G04Rik,3.6100745,1.1938572,0.000306109,0.006424009
6,Ppm1h,3.6049705,1.2170079,0.000312189,0.006470302
6,Cntn1,3.604606,1.1331301,0.000312627,0.006470302
6,Mras,3.5841894,1.285562,0.000338127,0.006862593
6,Atp6ap1,3.5686338,1.1964939,0.000358847,0.007227525
6,Hs3st5,3.518565,1.0464242,0.000433888,0.008621524
6,Srrm3,3.5168636,1.1167302,0.000436678,0.008621524
6,Dtx1,3.5118809,1.2105834,0.000444947,0.008727367
6,Ly6h,3.5092072,1.2038825,0.000449444,0.00875833
6,Gm30382,3.4870894,1.1761321,0.000488308,0.00939367
6,Gm16083,3.4616904,1.3323182,0.000536794,0.010260637596672584
6,Sdc3,3.4590168,1.1404234,0.000542151,0.010297442044906931
6,Adcy1,3.4541557,1.2038474,0.000552019,0.010418918249293816
6,Mef2a,3.448444,1.0940262,0.000563827,0.010509587422849787
6,Olfm1,3.4450412,1.14591,0.000570972,0.010545331
6,Cyfip2,3.4441905,1.1281974,0.000572772,0.010545331
6,Kndc1,3.439451,1.2107358,0.000582895,0.010666276269381313
6,Chst2,3.4241385,2.1068044,0.000616752,0.011217405129883609
6,Inpp4b,3.4078538,1.075952,0.000654759,0.011836943459582179
6,Plppr2,3.3999548,1.1820972,0.00067397,0.012039192882911273
6,Cds1,3.3935137,2.003176,0.000690021,0.012180897
6,Tjp1,3.3422296,1.0707033,0.000831083,0.014276870078469112
6,Tmem200a,3.3422296,1.1414949,0.000831083,0.014276870078469112
6,Synpo2,3.3422296,1.7248787,0.000831083,0.014276870078469112
6,Rras2,3.3417435,1.2361645,0.00083254,0.014276870078469112
6,Btbd3,3.337004,1.2025865,0.000846868,0.014398000292491591
6,Chrnb2,3.3339658,1.261867,0.000856172,0.014398000292491591
6,Slco3a1,3.3154936,1.1017622,0.000914814,0.015251988154783019
6,Adamts17,3.2727163,1.1004927,0.001065194,0.017661031223248184
6,Cdh7,3.2695565,1.4299825,0.001077162,0.017761341166741135
6,Gm32647,3.2572823,1.1443113,0.001124845,0.018242181
6,Scn3b,3.2558239,1.0795368,0.001130638,0.018242181
6,D1Ertd622e,3.2434282,1.5284846,0.001181006,0.018952930036210822
6,Insyn2b,3.2369874,1.1566653,0.001207988,0.019279052626986194
6,Tmem132c,3.2278728,1.0816003,0.001247144,0.019595181847552788
6,B3gat3,3.205755,1.3096671,0.001347087,0.020946151
6,Adcy2,3.1824217,1.0979458,0.00146049,0.022521941
6,Zhx2,3.1803558,1.0616035,0.001470943,0.022521941
6,Fign,3.1784115,1.0022931,0.001480845,0.022558452
6,Klf8,3.1729426,1.132443,0.001509023,0.022871607534729426
6,Lhx9,3.1613977,1.6419097,0.00157014,0.023559949151290043
6,Rcan2,3.135634,1.1122203,0.001714831,0.025476274281514666
6,Prkar1b,3.070131,1.0488886,0.002139649,0.031475911306789055
6,Arhgap18,3.070131,1.0563482,0.002139649,0.031475911306789055
6,Trmt13,3.0538464,1.1161159,0.002259277,0.032913058
6,Gm19938,3.0441244,1.2073731,0.002333587,0.033668724
6,Pcdh11x,3.0396278,1.0536214,0.002368707,0.034011908
6,9330159F19Rik,3.0053573,1.0430133,0.002652691,0.037565596
6,Atp2b4,3.0052357,1.0340285,0.002653751,0.037565596
6,2700069I18Rik,2.9970934,1.0712105,0.002725672,0.038402537
6,Ncald,2.9893157,1.0192156,0.00279603,0.039209754
6,Abcd4,2.981538,1.3151888,0.002868044,0.040032563884746644
6,Umad1,2.9755833,1.0170418,0.00292432,0.040473925
6,Nmnat2,2.9753401,1.0163401,0.002926638,0.040473925
6,Htr7,2.9599063,1.8203303,0.003077327,0.04236265
6,Tmem132a,2.9568682,1.027599,0.003107811,0.042586938
6,Scaf4,2.9392467,1.0266523,0.003290111,0.044677026
7,Nfib,14.20178,1.2162818,8.93136911185594e-46,1.0553298167962875e-42
7,Tiam2,14.190107,2.0807462,1.054978157410484e-45,1.0553298167962875e-42
7,Kcnq3,12.140009,1.4138074,6.481910701242132e-34,3.8904428028855277e-31
7,Zeb2,12.016612,1.3771993,2.9064587341759692e-33,1.453713776877014e-30
7,Neurod2,11.526484,3.090871,9.702592765329857e-31,4.159640126964986e-28
7,Sox11,11.2836685,1.224584,1.5801667715444375e-29,5.2689783126720635e-27
7,Ppp2r2b,11.202643,1.1451536,3.957468521746263e-29,1.1876363033760534e-26
7,Sox5,10.729637,1.0339177,7.388608651004284e-27,1.8477678801386544e-24
7,Dpy19l1,10.665474,2.2343845,1.4764452890976712e-26,3.408317163524701e-24
7,Gpm6a,10.650773,1.4766213,1.7292224467845392e-26,3.706711830571716e-24
7,Cntn2,10.258186,2.0274796,1.0872916072490779e-24,2.175308075569655e-22
7,Igfbpl1,10.2287,1.8279856,1.4748656791430853e-24,2.603571707710823e-22
7,Cttnbp2,9.975162,1.6698837,1.9578337140395848e-23,3.119400252922484e-21
7,Frmd4b,9.974297,1.3601931,1.9749618395710493e-23,3.119400252922484e-21
7,Satb2,9.59814,1.7890793,8.140038500992317e-22,1.2214127770738972e-19
7,Neurod6,9.563809,3.0031328,1.1349980910795884e-21,1.6219663196808785e-19
7,Clstn2,9.402105,1.2327651,5.348188579216566e-21,7.295415421013143e-19
7,Khdrbs2,9.137931,1.2592041,6.365847414797558e-20,7.95996170491978e-18
7,Tmem108,9.081032,1.1437845,1.0755022958964914e-19,1.2910329559941482e-17
7,Akt3,8.704702,1.2064874,3.184098162937553e-18,3.675184071913691e-16
7,C130071C03Rik,8.619527,1.330003,6.723159488657477e-18,7.472667268689292e-16
7,Shtn1,7.935094,1.5072685,2.1033618658022013e-15,2.1766168825077262e-13
7,Mef2c,7.639616,1.6031842,2.178702629747672e-14,2.043214559960239e-12
7,Hivep2,7.6254344,1.2165399,2.4321355857310407e-14,2.2117693614481373e-12
7,Gramd1b,7.293638,1.3060688,3.016946641588251e-13,2.5868162489732403e-11
7,Elmod1,7.080137,1.66224,1.4401214679476612e-12,1.137316980344982e-10
7,Rspo3,7.074862,2.2420697,1.4959752024068467e-12,1.1511337390828069e-10
7,Sez6,6.9732566,1.4468256,3.0968735885160104e-12,2.3004573912794354e-10
7,Dync1i1,6.9175677,1.6908818,4.59463073970597e-12,3.2829730594899085e-10
7,Msra,6.6611757,1.228167,2.7164517666785038e-11,1.8527435799550431e-09
7,Cdh12,6.5198793,1.5329833,7.036397356760767e-11,4.692495215030903e-09
7,Sybu,6.3953586,1.4276792,1.601711702419481e-10,1.0449427867306223e-08
7,Itpr1,6.154359,1.3274736,7.53819299225947e-10,4.7129410770355564e-08
7,3110039M20Rik,6.1358533,1.8288357,8.470321866609601e-10,5.1876399840194723e-08
7,Edil3,6.081635,1.1463498,1.1896316086809516e-09,7.14016891530307e-08
7,Epha3,5.832766,1.0000924,5.451595392435424e-09,3.207889759352688e-07
7,Adamts3,5.818325,1.4727538,5.9440186039489655e-09,3.430384582779009e-07
7,Ntng2,5.8028464,1.4672362,6.519846313090563e-09,3.6917092048273167e-07
7,Hs6st2,5.797053,1.1367404,6.7490428042143365e-09,3.7507180473050415e-07
7,Lzts1,5.772495,1.3259748,7.81064661215121e-09,4.18566972911889e-07
7,Nin,5.762291,1.2764612,8.297988115791753e-09,4.3688179535949214e-07
7,Bcl6,5.746985,2.2610855,9.084874602271898e-09,4.700639427830684e-07
7,Nuak1,5.737992,1.3919891,9.580569817848642e-09,4.873100003959962e-07
7,Foxg1,5.728307,1.5996916,1.014379070805991e-08,5.073585985814631e-07
7,Jph4,5.6493573,1.2569653,1.6104887023066925e-08,7.795284831649007e-07
7,Kcnj3,5.559512,1.356427,2.705300712523002e-08,1.2685324122314889e-06
7,Serpini1,5.454188,1.3876424,4.919712312927307e-08,2.2035905449395298e-06
7,Wnt7b,5.4498644,1.7431194,5.040824223065815e-08,2.2246343372677223e-06
7,Rgs6,5.3068385,1.0544107,1.1154303922751136e-07,4.6491758433578e-06
7,Cnr1,5.228148,1.4280187,1.7121641232245287e-07,6.850939378395748e-06
7,Fam49a,5.117117,1.2172153,3.1024136467365465e-07,1.209135500500828e-05
7,Hs3st4,5.06653,1.0004014,4.0513233080355364e-07,1.5389900313183097e-05
7,Rnf24,5.008507,1.252904,5.485387993405634e-07,2.0577061710262883e-05
7,Gm11266,4.9959683,1.3703544,5.854123425522139e-07,2.1689165925915977e-05
7,Gm10862,4.985073,2.7364285,6.193846696079774e-07,2.2394860162572774e-05
7,Gipr,4.9776363,2.379966,6.436548878890313e-07,2.2995337125654557e-05
7,Phf20l1,4.96553,1.0692998,6.851370004723573e-07,2.418936633432405e-05
7,9130024F11Rik,4.9219475,2.0918267,8.568712093834252e-07,2.9900819759996035e-05
7,9330159F19Rik,4.87188,1.1319518,1.1054135403309256e-06,3.769711402878532e-05
7,Adamts18,4.8551908,1.2846736,1.2027097153555032e-06,4.055429051440298e-05
7,Atf7,4.8048635,1.1511538,1.5485714777984337e-06,5.051372831383804e-05
7,Chrna7,4.7912874,1.4233221,1.6571469737473008e-06,5.290529859803882e-05
7,Lix1,4.780651,1.7045414,1.747284052190848e-06,5.519578358552352e-05
7,Tnr,4.754536,1.1128598,1.989024359641144e-06,6.153672271425849e-05
7,Lrig2,4.723665,1.1337318,2.3163133451602224e-06,7.021471059420026e-05
7,Snap25,4.682245,1.0465552,2.837500953722845e-06,8.431030061507185e-05
7,Bmerb1,4.648088,1.0197544,3.3502566781859005e-06,9.667423356957585e-05
7,Bmpr1b,4.4557724,1.0562756,8.359160289889339e-06,0.000236659
7,Tmem178,4.422567,1.3645724,9.753507692642709e-06,0.000273554
7,Rai14,4.39896,1.0503298,1.087709000017408e-05,0.000302242
7,Pou3f2,4.3965387,1.257906,1.099907569346577e-05,0.000302828
7,Cabp1,4.373191,1.2310426,1.2244348960721481e-05,0.000334048
7,Scrt2,4.3189726,1.0985564,1.5675726739388854e-05,0.000402076
7,Sema7a,4.2908688,1.3359003,1.7797537561013294e-05,0.000452631
7,St3gal1,4.286113,1.1192393,1.8182662140279702e-05,0.000458539
7,Btbd11,4.249362,1.0446427,2.1438030402201746e-05,0.000536129
7,Nos1,4.1582193,1.4251044,3.207376894734487e-05,0.000763916
7,Bhlhe22,4.1359096,3.461036,3.535514325960819e-05,0.000835439
7,Flrt1,4.109622,1.4467013,3.9630762157034714e-05,0.000914861
7,Draxin,4.048399,1.0276984,5.1569170364785823e-05,0.001161764
7,Gpc4,4.0375032,1.0080976,5.402304791842646e-05,0.001200912
7,Slc44a1,3.925694,1.0181665,8.648000994749191e-05,0.001840614
7,Rnf8,3.8881648,1.0343018,0.000101005,0.002119693
7,Gm28175,3.79659,1.1581417,0.0001467,0.002954677
7,Sla,3.677517,2.1180859,0.000235515,0.004389948
7,Ccbe1,3.577295,1.2501696,0.000347168,0.006164805
7,Ppfia3,3.5089815,1.0606492,0.000449826,0.007613511
7,Elovl2,3.5079439,1.0532718,0.000451584,0.007613511
7,Thap2,3.443435,1.0932631,0.000574375,0.009217637
7,Flrt3,3.2947881,1.0661182,0.000984959,0.014928592557675676
7,Oma1,3.2898593,1.4279743,0.001002375,0.015116218
7,Kcng1,3.229674,2.3273075,0.001239314,0.018059734433949023
7,Bbof1,3.190329,1.1788301,0.001421109,0.020212076093689097
7,Pcdhga12,3.1439795,1.0216403,0.001666671,0.02263203
7,Itprid1,3.086994,2.116973,0.002021917,0.026496823544027118
7,Amer2,3.0505888,1.0207081,0.00228393,0.029543427593102866
7,Hs3st1,3.029749,1.2137474,0.002447571,0.031256001
7,Slc6a15,2.996284,1.2253103,0.002732918,0.034137381009915056
7,Abcd4,2.9077358,1.0180049,0.003640558,0.043013047722662824
8,Ttn,12.96291,5.216271,1.9857087360426893e-38,5.95911191686411e-35
8,Myh3,11.984135,5.558756,4.303140827436074e-33,6.45686281156783e-30
8,Myh8,11.7771015,5.3490376,5.122412931930629e-32,5.124120402907939e-29
8,Mylpf,11.569836,5.271694,5.859449801498095e-31,4.1359263118719385e-28
8,Acta1,11.5477,5.278614,7.582262910605415e-31,4.1359263118719385e-28
8,Tpm2,11.540243,4.7029696,8.269096258324434e-31,4.1359263118719385e-28
8,Tnni2,11.372007,5.754137,5.764638847573506e-30,2.471383025938299e-27
8,Cdkn1c,11.254452,3.4178574,2.201907990810027e-29,8.259907350526113e-27
8,H19,11.132936,2.298172,8.673169599452524e-29,2.815141513319716e-26
8,Tnnt3,11.125945,5.3988686,9.380678151681826e-29,2.815141513319716e-26
8,Des,11.091925,5.6551957,1.373013312493571e-28,3.745829955266551e-26
8,Tnnc2,10.568226,5.935803,4.18332351306977e-26,1.0461794885601985e-23
8,Myl1,10.394864,5.136948,2.616604517481642e-25,6.040330889971083e-23
8,Myl4,10.210084,5.090535,1.787103427365632e-24,3.8307838468030447e-22
8,Ckm,10.026469,5.147131,1.166125060059462e-23,2.3330275368256302e-21
8,Actc1,9.934662,5.140947,2.941734087309909e-23,5.5175899975106475e-21
8,Dlk1,9.608326,3.2094796,7.373828764520379e-22,1.3016976542544505e-19
8,Airn,9.59085,2.118126,8.736265500425035e-22,1.4565295981541961e-19
8,Tnni1,9.551121,4.90586,1.2830075485848276e-21,2.0264766596331936e-19
8,Gapdh,9.509877,1.867093,1.9088762528205658e-21,2.8642688173572586e-19
8,Actn2,9.464207,4.6278434,2.9579818408682204e-21,4.227096906878823e-19
8,Igf2,9.419002,2.0122638,4.553963470050963e-21,6.212020169828608e-19
8,Tnnt1,9.152318,4.5780215,5.572501613116463e-20,7.270903191722827e-18
8,Cmss1,9.118647,1.449887,7.606799816017052e-20,9.511669269944656e-18
8,Mef2c,9.108977,2.3647976,8.316243916458084e-20,9.982819197316284e-18
8,Camk1d,9.044199,1.5170789,1.507662865840087e-19,1.7401908693792697e-17
8,Eno3,8.9663725,4.268675,3.0644035576672824e-19,3.4060278061331534e-17
8,Tceal7,8.655066,5.6286397,4.926265257209676e-18,5.279900727459371e-16
8,Tubb6,8.443606,4.55329,3.0769524658796105e-17,3.07797811670157e-15
8,Lgals1,8.421586,2.4497678,3.714211134059482e-17,3.595596004294357e-15
8,Tnnt2,8.122863,4.7100387,4.553154672469135e-16,4.2700053662749606e-14
8,Neb,8.106318,3.4230678,5.217660271550594e-16,4.744908628764647e-14
8,Tpm1,8.068221,2.5745096,7.13300538481864e-16,6.29592622348257e-14
8,Ryr1,7.9744325,2.8256383,1.5308248629120591e-15,1.3125729753140254e-13
8,Pgam2,7.8456926,4.9782324,4.305710465306697e-15,3.589288085107055e-13
8,5430431A17Rik,7.7509723,3.760324,9.119157521823551e-15,7.396376141349318e-13
8,Flnc,7.7091465,3.5378795,1.266621255214067e-14,1.0002974702361619e-12
8,Palld,7.5920568,1.9986653,3.148667627327688e-14,2.422859371694972e-12
8,Atp2a1,7.4520154,4.4923873,9.192488628483207e-14,6.896664593519526e-12
8,Nrk,6.997755,3.718534,2.6009625268677654e-12,1.9037776934463815e-10
8,Col6a3,6.9573274,2.5699728,3.4678896632174797e-12,2.4778897331703943e-10
8,Itgb1bp2,6.6637297,4.4277477,2.6696419842079127e-11,1.8631617661878945e-09
8,Hexb,6.632506,2.4560902,3.3003518060785475e-11,2.2509899477367547e-09
8,Tnnc1,6.445978,4.409791,1.1485709115086879e-10,7.493176750951243e-09
8,Mybpc1,6.4301333,3.6475303,1.2749203588056513e-10,8.140502120799488e-09
8,Srl,6.4060163,2.9496436,1.4937087144320416e-10,9.338791358355327e-09
8,Casq2,6.3660545,4.702842,1.9395246443701186e-10,1.1878598893376993e-08
8,Myom1,6.3031406,3.6564896,2.916736512338933e-10,1.7506252547058273e-08
8,Cd63,6.203877,2.1271195,5.508887267457417e-10,3.119277488611265e-08
8,Myom2,6.1247687,4.5211854,9.081541725310912e-10,5.0469827254922304e-08
8,Ldb3,6.118244,4.012557,9.461191885343986e-10,5.1623703359849647e-08
8,Lmna,6.0957584,2.2127457,1.0891973916616868e-09,5.83693102210129e-08
8,Tpi1,6.0598745,2.387784,1.3622790063237832e-09,7.172279470136269e-08
8,Itm2a,6.03133,3.049171,1.6261554907563717e-09,8.413952806482537e-08
8,Pbxip1,5.8944345,2.5732882,3.759665717187557e-09,1.8496322651278457e-07
8,Klhl31,5.8819685,5.158613,4.054159728489668e-09,1.9623440879350796e-07
8,Arhgap24,5.7454224,1.728521,9.16919078457374e-09,4.3677367530961574e-07
8,Taco1,5.718276,1.9272733,1.0761019613483348e-08,5.045909353134926e-07
8,Cryab,5.552953,4.5982275,2.8088398219496833e-08,1.277170955404697e-06
8,Sntb1,5.534195,2.4951367,3.126606948059276e-08,1.4004399180784904e-06
8,Rplp1,5.475592,1.7230204,4.3605089946162005e-08,1.896505433745394e-06
8,Trdn,5.3637457,4.594223,8.151371735257407e-08,3.44538965880387e-06
8,Ctnna3,5.2463064,1.5841038,1.5517861300629596e-07,6.379329008656085e-06
8,Csrp3,5.1390038,4.497895,2.7619897681609077e-07,1.1051641725667846e-05
8,Tmod1,5.132596,3.43476,2.85773173715698e-07,1.1284280188431708e-05
8,Cox6a2,5.121062,3.923487,3.0382033217962553e-07,1.1841101517805925e-05
8,Gpc3,5.117683,1.3641149,3.0931202289224406e-07,1.1900581803841339e-05
8,Sln,5.112207,4.366935,3.184164646130222e-07,1.2095795067135186e-05
8,Clcn5,5.075624,1.6998949,3.8622653146851394e-07,1.3964648445024222e-05
8,Il17b,5.0473127,5.0158296,4.4806756937222824e-07,1.6007747329595917e-05
8,Synpo2l,5.0424194,5.029653,4.5968227035850206e-07,1.6229488157010172e-05
8,Myog,4.997914,4.8079014,5.795387615429774e-07,2.0223207248726453e-05
8,Ccnd3,4.9636607,1.9773685,6.917672512191805e-07,2.3861994493204144e-05
8,Naca,4.9157763,1.6000277,8.84312707486643e-07,3.0157073126902448e-05
8,Acta2,4.9100676,3.7446475,9.104500476853489e-07,3.0699557225884635e-05
8,Ahnak,4.861484,1.6646711,1.165088764068537e-06,3.813914956947047e-05
8,Prkaca,4.860785,2.1268568,1.1692108498471454e-06,3.813914956947047e-05
8,Phactr2,4.7681623,1.6099696,1.8591411019186104e-06,5.999228437481452e-05
8,Itga9,4.755696,1.9509954,1.9776395252745484e-06,6.313719378030765e-05
8,Rplp2,4.737055,1.8275638,2.168465233783135e-06,6.708829037714627e-05
8,Nrap,4.7238894,4.5310163,2.313761267267342e-06,7.013734912191205e-05
8,Hspb1,4.7045493,3.3444796,2.544272720864891e-06,7.635362435315538e-05
8,Smtn,4.694413,2.4284756,2.673729949508851e-06,7.86653292007457e-05
8,Ilk,4.631383,2.1462016,3.6323116255653433e-06,0.000104813
8,Rps3a1,4.6150723,1.6084689,3.92958920720304e-06,0.000112311
8,Col1a2,4.610645,1.0702358,4.014218952150737e-06,0.000113648
8,Pdlim3,4.6043534,3.973426,4.137492752788258e-06,0.000116043
8,Itga4,4.5707994,2.6710982,4.8586710574542774e-06,0.000135008
8,Cdkn1a,4.555537,2.8097277,5.2251906917165346e-06,0.000143107
8,Gm28653,4.5036917,4.380042,6.678314558657008e-06,0.000178943
8,Smyd1,4.4368167,3.1402006,9.129906296133249e-06,0.000236581
8,Rps8,4.436467,1.3328373,9.14473599809423e-06,0.000236581
8,Myl9,4.426797,2.5206623,9.564271030816722e-06,0.000245319
8,Smpx,4.414913,4.9960933,1.0105053371299363e-05,0.000256624
8,Cox8b,4.4133987,5.1262326,1.0176039152236902e-05,0.000256624
8,Jph2,4.387418,3.9190595,1.147044511817061e-05,0.000286857
8,Rps12,4.374136,1.9121115,1.219144910437875e-05,0.00029989
8,Pygm,4.374136,3.95006,1.219144910437875e-05,0.00029989
8,Naaladl2,4.3326592,1.4325354,1.473189936848518e-05,0.000359434
8,Obscn,4.3200765,2.965634,1.559750807020563e-05,0.000377485
8,Cav3,4.3177466,4.3601413,1.5763038102134865e-05,0.000378439
8,Capn6,4.2924643,3.194924,1.767008754023738e-05,0.000420857
8,Col6a2,4.261124,1.6698737,2.0340128284663432e-05,0.000479123
8,Rhoq,4.2600756,1.5798031,2.043578680163689e-05,0.000479123
8,Col4a1,4.2552986,1.0357083,2.0877011036203452e-05,0.000485674
8,Serpinh1,4.192152,1.1818949,2.7632080166297875e-05,0.000623488
8,Rps27a,4.114558,1.6260576,3.8792142358794495e-05,0.00086877
8,Ebf2,4.0955677,1.1797961,4.211350928830387e-05,0.000929284
8,Fndc5,4.0665574,3.0704074,4.7712716778356294e-05,0.001037579
8,Arl6ip5,4.039761,1.5282646,5.350571730955328e-05,0.001146933
8,Peg10,4.034868,1.7483064,5.4633091225991554e-05,0.001162794
8,Col3a1,3.9952552,1.378217,6.46245845544076e-05,0.001365763
8,Myl6b,3.9921095,3.2997735,6.548809670807293e-05,0.001374334
8,Nr3c2,3.9780123,1.6845819,6.949379468678889e-05,0.001438282
8,Rbm20,3.9698567,2.9423194,7.191585328979153e-05,0.00146816
8,Rps18,3.9590216,1.6333108,7.525742664960242e-05,0.001522631
8,Myom3,3.9571576,4.6743355,7.584692325217258e-05,0.001522631
8,Mybph,3.9042633,4.4539194,9.451281715077187e-05,0.001841772
8,Myh7,3.8584762,3.4840496,0.000114096,0.002153476
8,Cavin1,3.8528838,2.217472,0.000116735,0.002189507
8,Ltbp1,3.8350582,1.3004658,0.000125535,0.002325489
8,Rps21,3.8091936,1.6546233,0.000139421,0.002551229
8,Postn,3.8009217,1.6542847,0.000144159,0.002621944
8,Nexn,3.7870574,3.0243669,0.000152442,0.00273939
8,Npnt,3.7413867,1.7941995,0.000183008,0.00324974
8,Thbs4,3.7392895,3.6575308,0.000184541,0.003257692
8,Hjv,3.7328818,4.569376,0.000189302,0.003322186
8,Actn3,3.7089977,4.306517,0.000208081,0.003609548
8,Il1rapl2,3.7003763,1.0572695,0.00021528,0.003691745
8,Ccdc141,3.6969976,1.9417554,0.000218164,0.003719952
8,Plagl1,3.6710165,1.3035336,0.000241588,0.004055849
8,Alpk3,3.655288,4.0864325,0.000256893,0.00425932
8,Mypn,3.621501,3.9270663,0.000292899,0.004803217
8,Mymk,3.5921414,3.8305345,0.000327972,0.00534915
8,Rbm24,3.5730343,2.6055343,0.000352869,0.005724102
8,Stard13,3.535053,1.4632194,0.000407693,0.006507916
8,Rpl32,3.5193245,1.316265,0.000432647,0.006833548
8,Tanc1,3.5049942,1.2216771,0.000456617,0.007137024
8,Rps2,3.4822752,1.2773873,0.000497172,0.00770419
8,Cnn2,3.4818094,1.4579139,0.000498038,0.00770419
8,Tead4,3.4434786,3.4540665,0.000574282,0.008792965
8,Rpl24,3.433925,1.1092799,0.000594909,0.00902841
8,Klhl41,3.4335754,4.0176587,0.000595676,0.00902841
8,Fermt2,3.4214587,1.2739142,0.000622862,0.009299545
8,Map3k20,3.4122546,1.6756014,0.000644279,0.009571689
8,Copz2,3.3819628,2.2842205,0.000719699,0.010587333576205633
8,Igf1,3.3387387,1.4947586,0.000841597,0.012320154
8,Rps29,3.2971458,1.2468073,0.000976728,0.014160194039649944
8,Hspa9,3.261145,1.3281411,0.001109632,0.015782019341715702
8,Ehbp1l1,3.2560189,2.0111866,0.001129862,0.015844472840729328
8,Pde4dip,3.2430866,1.000804,0.001182423,0.016504420568715355
8,Rpl7a,3.2115133,1.269922,0.001320379,0.018093411936777385
8,Mki67,3.18961,1.0714772,0.001424649,0.019433514
8,Bgn,3.1532598,1.1274893,0.001614581,0.021631056
8,Lmcd1,3.1018803,2.588741,0.001922958,0.025422007
8,Cspg4,3.0670447,1.7879568,0.002161866,0.028207647357612192
8,Prune2,3.0479374,1.674108,0.002304178,0.029805342
8,Mfap4,3.031976,1.2631458,0.002429585,0.031292634
8,Map4k2,2.9610233,1.2624173,0.003066187,0.038427224038075844
8,Kif24,2.9603243,1.1194575,0.003073154,0.038427224038075844
8,Isyna1,2.8981097,1.502288,0.003754194,0.046003936
8,Fap,2.8976436,2.4158647,0.003759776,0.046003936
8,Mirg,2.8954298,1.1202768,0.003786395,0.046003936
9,Igfbp2,6.030688,2.5635102,1.6326338297319164e-09,3.3157037659182225e-06
9,Ttr,5.9815874,3.2254446,2.2097325997455667e-09,3.3157037659182225e-06
9,Col4a1,4.6611857,1.6675847,3.1439256693403056e-06,0.003144974
9,Cd63,4.242622,1.8308846,2.2092358325915727e-05,0.012830634
9,Lef1,4.208979,1.6518383,2.5652717121587306e-05,0.012830634
9,Hba-a1,4.0324306,1.236068,5.5202953486142517e-05,0.023666295
9,Fhit,3.8951318,1.5845691,9.814537834395e-05,0.036816785051274246
9,Pltp,3.8320894,2.2686818,0.00012706,0.041206112
9,Hbb-bt,3.776776,1.4968525,0.000158872,0.041206112
9,Vtn,3.770108,2.4791515,0.000163177,0.041206112
9,Hba-a2,3.7676833,1.2874858,0.00016477,0.041206112
